緯度情報,経度情報,愛工大からの距離,データ名
35.1878758050,137.1116759515,0.0046679315,あいち海上の森センター
35.1878758050,137.1116759515,0.0046679315,あいち海上（かいしょ）の森センター
35.1865401149,137.1083607726,0.0056299916,２００５年記念と長久手
35.1728640949,137.0902229892,0.0251389183,愛・地球博記念公園（モリコロパーク）
35.1751886215,137.0883324485,0.0260419707,愛地球博記念公園
35.2141380962,137.1001688702,0.0333135947,瀬戸市南公園・萩殿の森
35.2188885802,137.0999672704,0.0378089869,瀬戸市南公園
35.2246255809,137.1073448462,0.0416052784,瀬戸染付工芸館
35.2069210635,137.0775824468,0.0425445589,瀬戸グリーンセンター とれたて館
35.2246950851,137.1022365241,0.0426735604,新世紀工芸館
35.2255236589,137.1008406927,0.0438434080,瀬戸蔵
35.2301678233,137.1041438083,0.0475947933,ノベルティ・こども創造館
35.1491608263,137.1493694813,0.0499284464,うめこう桃梨苺園
35.1851565490,137.0617617708,0.0513097886,あぐりん村
35.1844792594,137.0603791471,0.0526735622,長久手温泉ござらっせ
35.2404677022,137.1157828208,0.0571213006,道の駅瀬戸しなの
35.1305210957,137.0873328259,0.0588083787,愛知牧場
35.2011664913,137.1709937178,0.0606104615,猿投山と菊石
35.2011664913,137.1709937178,0.0606104615,猿投山・菊石
35.2400888168,137.1448672531,0.0650007076,岩屋堂公園
35.1828812044,137.0479849254,0.0650591415,長久手グリーンセンター
35.2401699522,137.1449001942,0.0650875821,岩谷堂公園
35.1734347028,137.0486573724,0.0651530340,長久手市郷土資料室
35.1984573579,137.0383530320,0.0761891317,尾張旭産直センター
35.1163851766,137.0731391249,0.0780054698,愛知池
35.1606442656,137.1901462848,0.0803956777,愛知県緑化センター・昭和の森
35.2410276257,137.0515591874,0.0842594874,森林公園
35.2152114203,137.0348666361,0.0843952742,尾張旭グリーンセンター
35.2054088530,137.1958373399,0.0856675995,しだれ桜（金剛寺）
35.2054178170,137.1960460188,0.0858715956,金剛寺のしだれ桜
35.2253181742,137.0363553239,0.0873895968,維摩（いま）池
35.1314435252,137.0381948937,0.0911197976,農産振興クラブ及び日進野菜研究会
35.2202251293,137.0283115190,0.0923819746,城山公園
35.2511851460,137.0498195430,0.0926835402,東谷山フルーツパーク
35.2212605733,137.0272551961,0.0937649078,長池
35.0928135577,137.0879396895,0.0940118873,三好公園
35.2788646373,137.0906181891,0.0980509592,定光寺
35.1203857484,137.1882147134,0.0980983459,枝下（しだれ）用水
35.0973388935,137.0537358154,0.1045266749,東郷町文化産業まつり
35.0829792088,137.0758750272,0.1070895054,保田ケ池公園
35.2635716014,137.0415476971,0.1074101983,グリーンプラザ高蔵寺
35.0805407314,137.0820736144,0.1074317167,グリーンステーション三好
35.0844008724,137.1548774748,0.1074870146,ＪＡあいち豊田各産直店
35.0804070533,137.1517417289,0.1100351626,七州城址公園
35.0804070533,137.1517417289,0.1100351626,七州城址(しちしゅうじょうし)公園＆豊田市美術館
35.0752638403,137.0906430879,0.1104435353,さんさんの郷
35.0752638403,137.0906430879,0.1104435353,緑と花のセンター「さんさんの郷」
35.0875814185,137.0498449762,0.1147928128,東郷グリーンセンター
35.0992483331,137.0262676355,0.1208856049,涼松（すずみまつ）せせらぎの道
35.0989596129,137.0260487580,0.1212437472,涼松せせらぎの道
35.2686288613,137.0253714995,0.1222619257,不二緑化センター
35.1141216758,137.0109380587,0.1233951828,名古屋市農業センター delaふぁーむ
35.1141216758,137.0109380587,0.1233951828,名古屋市農業センター
35.0893373505,137.1981978000,0.1268920983,自然観察の森
35.1174713070,137.2242321295,0.1292728452,鷹見の里（たきみのさと）ビオトープ
35.3036911204,137.0568586408,0.1327538222,春日井市都市緑化植物園(グリーンピア春日井)
35.3036911204,137.0568586408,0.1327538222,都市緑化植物園
35.3043567281,137.0552742768,0.1340323735,少年自然の家
35.1951635844,137.2466453248,0.1341192385,ふじの回廊
35.0588587104,137.0572312909,0.1364858815,小堤西池のカキツバタ群落
35.0463768856,137.1178327148,0.1371190333,竹村駅近くのビオトープ　（豊田市竹町上沖）
35.1009010048,137.2273466144,0.1409739872,鞍ヶ池公園
35.0933892253,136.9982437783,0.1458860676,ＪＡみどり徳重支店朝市
35.2237794548,137.2537699628,0.1464032203,たまご村
35.2716776044,136.9922807147,0.1495795624,落合公園の桜
35.0487029038,137.1785164984,0.1497782278,水源公園
35.1225996517,136.9760864904,0.1498497590,ＪＡ天白グリーンセンター
35.0437403696,137.0563855174,0.1507254654,阿知和池
35.3181717233,137.0447659492,0.1510686419,あい農パーク春日井（春日井市ふれあい農業公園）
35.2984864164,137.0123999284,0.1528753797,くりの木ランチ
35.0420576673,137.0499975031,0.1547762899,刈谷ハイウェイオアシス
35.2631958376,136.9748786174,0.1595447319,三つ又ふれあい公園
35.0413777023,137.0372947520,0.1609702735,産直センター刈谷（北部）
35.0542483652,137.0122357739,0.1638449611,豊明フレッシュセンター
35.0719693656,137.2344634221,0.1648110778,王滝渓谷
35.2718206223,136.9736711691,0.1650462049,グリーンセンター春日井中央店
35.0712374390,137.2375110663,0.1675582000,天下峯
35.0712374390,137.2375110663,0.1675582000,巴川（ともえがわ）おう穴
35.2549791788,136.9610950432,0.1679573748,朝宮公園
35.3131221908,137.0029583162,0.1701266503,市民四季の森
35.0555555900,137.2310075245,0.1739632182,滝川ふれあい工房
35.2940845308,136.9785000603,0.1742121449,グリーンセンター桃花台店
35.2323157971,136.9450349868,0.1749796694,グリーンセンター味美店
35.1426766596,137.2852790447,0.1769887518,足助みたち栗園 
35.0410161649,137.0062979604,0.1779631969,愛知豊明花き地方卸売市場
35.0053070622,137.1207385927,0.1782713639,明治緑道水車公園の三連水車
35.0052980475,137.1207385977,0.1782803704,明治緑道（水車公園）
35.3191512883,136.9954123465,0.1796157341,兒（ちご）の森
35.0156453353,137.1843301623,0.1822847696,おかざき自然体験の森
35.2970889888,136.9688942220,0.1835782268,ＪＡ尾張中央桃選果場
35.2970889888,136.9688942220,0.1835782268,もも産地ＪＡ尾張中央・果実共同選果場
35.0033263485,137.0551360273,0.1891666038,旧東海道「池鯉鮒」の松並木
35.2321973765,137.2958354230,0.1891916106,緑の公園
35.2380312432,137.2943613832,0.1893673543,和紙のふるさと
35.2406749919,136.9322116260,0.1896802977,エアフロントオアシス（空港南側）
35.0011346086,137.0538791119,0.1916386073,JAあいち中央　グリーンセンター知立
35.2709805577,137.2835971675,0.1917219772,西村自然農園
35.3366727145,136.9938352985,0.1941623010,入鹿池
34.9897231372,137.0900759702,0.1950458587,ＪＡあいち中央　グリーンセンター安城北部
35.1390070436,137.3030845224,0.1951615132,香嵐渓グリーンファーム三ッ足栗
35.0343204073,137.2408877503,0.1963999085,二畳ケ滝
34.9865918239,137.0999371518,0.1972561656,明治用水（明治川神社から中井筋）
35.0505599068,137.2609741547,0.1988307919,松平郷
35.0505599068,137.2609741547,0.1988307919,松平郷・散策道
35.0149287376,137.0071049627,0.1990208828,産直センター刈谷（中央部）
35.2754970818,137.2922436685,0.2014767959,大福魚苑
35.0098486809,137.2171333649,0.2023841106,駒立ぶどう狩り園
35.1329124462,137.3115237047,0.2048054002,香嵐渓
35.2538383805,136.9198435884,0.2056342250,名古屋空港・地元産品コーナー
35.2447471571,137.3102608855,0.2065364501,四季桜・四季の回廊
35.1358120877,137.3140417875,0.2065592541,中馬街道
35.1297003976,137.3139100754,0.2079254232,三州足助屋敷
35.1335925066,137.3156837784,0.2086761431,カタクリ
34.9871853864,137.1870953355,0.2097352466,おかざき農遊館
35.1372849661,137.3184997903,0.2105722355,中馬館
35.0617703839,137.2857320173,0.2112311720,六所山（ろくしょさん）
35.0617703839,137.2857320173,0.2112311720,焙烙山（ほうろくさん）
35.1968444584,137.3248811241,0.2122646519,お須原山縁結び岩
35.2594135968,136.9132325777,0.2137755309,神明公園
35.3089986012,136.9391406397,0.2145077913,清流亭の藤樹
35.1341244817,137.3227515786,0.2154238346,城跡公園足助城
34.9672897705,137.0830553239,0.2181928030,明治用水（明治用水歴史資料室・豊田安城自転車道）
34.9672897705,137.0830553239,0.2181928030,明治用水
35.2725658728,136.9134224501,0.2186236541,エアフロントオアシス（空港北側）
35.0214594414,136.9617798713,0.2216052737,収穫体験〔ぶどう狩り〕
35.1388892076,137.3325165392,0.2239451141,百年草
35.3701018799,136.9846407684,0.2265830691,犬山里山学センター
35.2937312289,136.9133345518,0.2281519517,小牧山
34.9582037481,137.1523004602,0.2286046398,八丁蔵通り
35.2151479262,136.8863381035,0.2289143238,庄内緑地公園・グリーンプラザ
34.9575462763,137.1590127809,0.2304967188,岡崎公園
34.9885993733,136.9834299620,0.2339899398,刈谷市亀城公園
34.9488170857,137.0950190065,0.2352864050,ＪＡあいち中央　産直センター安城東部
34.9694014180,137.0118257027,0.2367389563,産直センター刈谷（南部）
35.3776628920,136.9718786025,0.2401258169,中島池
34.9444547756,137.0702036393,0.2427668990,都市に広がる集団農地
35.0374903988,137.3136129480,0.2480361211,昇匠 SHOW BAKERY(しょうべーかりー)
34.9983391668,136.9476834351,0.2481843055,あいち健康の森
35.2034000796,137.3606094031,0.2483730741,貞観杉
35.3283754205,136.9102236472,0.2492981728,大口町朝市会
35.0052247015,136.9370048184,0.2504792182,おはよう君
34.9903235773,136.9518892508,0.2515022714,東浦町森岡ぶどう組合
35.2780558701,136.8773713170,0.2539646589,五条川の桜と尾北自然歩道
35.2780558701,136.8773713170,0.2539646589,五条川の桜　と　尾北自然歩道
34.9939410172,136.9433023631,0.2543832532,ＪＡあぐりタウン　げんきの郷
34.9939410172,136.9433023631,0.2543832532,ＪＡあぐりタウン げんきの郷
34.9295220826,137.0651202688,0.2583731303,産直センター「道の駅」デンパーク安城
34.9295220826,137.0651202688,0.2583731303,安城産業文化公園デンパーク
34.9295220826,137.0651202688,0.2583731303,和食処「ふるさと館」の郷土料理
34.9295220826,137.0651202688,0.2583731303,農場レストラン「花車」
34.9302124860,137.0607409678,0.2585449335,安城市デンパーク
34.9726168602,136.9625723362,0.2589898934,東浦町郷土資料館　うのはな館
34.9405196383,137.2076541108,0.2606688838,愛知県畜産総合センター
35.2827392136,136.8719459478,0.2607548922,岩倉野菜の広場
35.0221836612,136.9068657997,0.2617312096,東海市立農業センター
34.9223897621,137.0872052989,0.2622980043,ＪＡあいち中央　産直センター安城桜井
35.1956322816,137.3752952955,0.2625379475,押井磨崖物
35.3803284269,136.9393918280,0.2625458967,犬山どんでん朝市
35.1031701733,136.8602205306,0.2652497458,荒子川公園ガーデンプラザ
35.2449802000,136.8547212585,0.2655563452,グリーン西春日井
35.3591846883,136.9139115375,0.2656103705,ふれあい青空市（扶桑町）
35.2772927421,136.8638971266,0.2662455151,産直センター岩倉店
34.9160454665,137.1291607195,0.2678521729,ふれあいドーム岡崎
35.3861646026,136.9367557091,0.2686733293,犬山頭首工
35.1988154504,137.3849127029,0.2723068005,押井磨崖仏（おしいまがいぶつ）
35.2164593837,136.8412427531,0.2738008265,清須の自然と歴史
35.2169809703,136.8407793252,0.2743242096,五条川の桜（清須）
35.0669425174,137.3635973055,0.2763027293,もみじ街道（加茂広域農道）
35.2375891154,136.8412792368,0.2771102367,五条川の桜
35.2422303014,137.3840400493,0.2773077099,時瀬大いちょう
34.9280387283,137.0028293612,0.2781409961,JAあいち中央　産直センター高浜
35.2985001924,136.8590901164,0.2788131173,一宮桜まつり（青木川）
35.1161069320,137.3852843474,0.2804388512,鼎工房
35.1161069320,137.3852843474,0.2804388512,鼎（かなえ）工房
34.9011090066,137.0924890310,0.2830503726,太陽の味
35.0768926574,137.3755628157,0.2833083906,三河高原
35.0153637071,136.8845013532,0.2836742454,東海フラワーショウ
34.9866939732,137.3197328335,0.2853405031,かおれ渓谷
35.3745243117,136.9001725474,0.2860720198,木曽川扶桑緑地公園
35.1972379013,137.3994483940,0.2867400038,つくば工房
35.0737956090,136.8477423205,0.2870534165,藤前干潟
35.2012094479,136.8246960640,0.2888945537,いきいき朝市甚目寺
35.0293341208,137.3575123187,0.2889737706,羽左の窪
35.1936854305,136.8235988076,0.2896253494,甚目寺歴史民俗資料館
35.0276831284,137.3583413721,0.2905570078,羽佐の窪渓谷
35.1030493650,137.3926536614,0.2909311299,田之土里湿原
35.1030493650,137.3926536614,0.2909311299,田之士里湿原
35.3438144854,136.8698430375,0.2913324216,まんだら青空市（JA愛知北江南支店）
35.2991990610,136.8444156647,0.2925177798,産直広場南小淵店
34.9115493407,137.2218117376,0.2928144324,藤川宿資料館
35.1724182865,136.8198573589,0.2933905950,元気朝市おおはる
34.9064776993,137.0115937438,0.2949312565,油ヶ淵
35.2593302026,136.8276195348,0.2953463555,産直広場下津店
35.2192098305,137.4067171148,0.2958489516,旭高原元気村
35.3096313708,136.8446969701,0.2965472652,うみたて卵直売店　うきうき村
35.1972698206,136.8161380971,0.2972270207,水辺乃並木道
35.3706011999,136.8796386896,0.2991935499,すいとぴあ江南
35.3709506804,136.8787680361,0.3000915276,スイトピアYuYuクラブ朝市
35.1967861887,137.4136025695,0.3008580722,東海自然歩道
34.9058267153,136.9966798227,0.3009880966,伝統食品工場見学[ヤマシン 株式会社　白しょうゆ醸造工場]
35.3492658817,136.8581716373,0.3040827100,曼陀羅寺公園のフジ
35.3493006734,136.8576764004,0.3045168698,まんだら青空市（曼陀羅寺公園大型バス駐車場）
35.0423608269,137.3840025709,0.3054753263,手作り工房山遊里
35.1099920458,136.8161831308,0.3058032830,ＪＡなごや南陽店
34.9990708398,136.8680367837,0.3066092694,知多市歴史民俗博物館
35.2256127828,136.8086779118,0.3072756523,愛知西のその他各直売所（産直広場大里店）
35.1152374312,136.8127158547,0.3079667719,農業文化園と戸田川緑地公園
35.1152374312,136.8127158547,0.3079667719,農業文化園・戸田川緑地
34.8767807443,137.0831361339,0.3080863588,道の駅にしお岡ノ山
34.9025034984,136.9864336078,0.3081223106,伝統食品工場見学[七福醸造　株式会社　ありがとうの里]
34.8814869379,137.0415825383,0.3102665053,稲荷山茶園公園
34.8752515422,137.0752398401,0.3104705892,八ツ面山（やつおもてやま）
35.2137965778,137.4221886596,0.3106363298,黒谷渓谷
35.2180327769,137.4224545808,0.3113435264,奥矢作湖
34.9670724081,136.8886312833,0.3117098498,佐布里緑と花のふれあい公園
34.8775392025,137.1770479151,0.3124980970,幸田憩いの農園
34.8775392025,137.1770479151,0.3124980970,幸田憩の農園
35.0670881245,137.4031899124,0.3125974403,保殿の七滝
35.1838799374,136.7997366343,0.3133056149,七宝焼アートヴレッジ
35.1838799374,136.7997366343,0.3133056149,七宝焼アートヴィレッジ
34.8788604490,137.0385563283,0.3135280999,西尾の抹茶工場見学
34.9921286974,136.8640636747,0.3139737808,牟山神社
34.8743682010,137.0539103166,0.3146501827,西尾市岩瀬文庫
35.1786290938,136.7982670539,0.3148111845,らかんまき
34.9609701189,136.8889366009,0.3157588709,佐布里池
35.2522848516,136.8040660841,0.3165588365,国府宮の農産物直売所
35.2522938328,136.8040550549,0.3165715556,産直広場国府宮店
35.2854823819,136.8125041857,0.3173976051,愛知西のその他各直売所（お米屋さん丹陽西店）
34.9478317015,136.8992505426,0.3181272006,草木農産物直売所
35.0377223652,137.3964632477,0.3186741099,香恋の館
34.9623903250,136.8832485702,0.3188348219,水の生活館
34.9326044526,136.9155553880,0.3192263281,阿久比町みんなの菊花展
34.9238728583,136.9263302311,0.3197216246,東部産直ひろば（農産物の直売）
34.8634657950,137.1159833083,0.3199599255,西尾いきものふれあいの里
34.9291134706,136.9188498104,0.3199662661,グリーンプラザあぐい（農産物の直売）
35.2753587283,136.8061837207,0.3203374881,一宮地方総合卸売市場
35.2753587283,136.8061837207,0.3203374881,一宮地方総合卸売市場　日曜新鮮市
35.0829378424,137.4200253029,0.3230075946,保殿の七滝（ほでんのななたき）
34.8659546184,137.0510780245,0.3234483545,抹茶ラボ　西尾伝想茶屋店 
34.8662135063,137.0484307547,0.3237122355,西尾市歴史公園
35.0356757717,137.4013128628,0.3239231394,三河湖観光センター
35.2400024470,136.7935507673,0.3244642353,あじさい寺（大塚性海寺歴史公園）
35.1315014425,136.7923346036,0.3248813579,海部水郷地帯の酒
35.3305390095,136.8231095270,0.3251262509,一宮桜まつり（浅井山公園）
34.8837201607,136.9828644440,0.3267437658,伝統食品工場見学[スギ製菓　株式会社　工場]
34.8561514782,137.1326984793,0.3278505164,道の駅　筆柿の里・幸田
34.8555784290,137.1177160713,0.3278670909,平原（ひらはら）ゲンジボタルの里
35.2481538932,136.7914475656,0.3280463424,荻須記念美術館
35.1686819266,136.7852372276,0.3281354663,JA海部東グリーンプラザ
35.1686819266,136.7852372276,0.3281354663,ＪＡ海部東グリーンプラザ
35.1468454862,136.7868952125,0.3281901679,蟹江町観光交流センター（祭人（さいと））
35.3052562004,136.8082834096,0.3282128850,一宮桜まつり（大江川緑道）
35.0331528300,137.4053388607,0.3286569511,三河湖
35.2841114823,136.8001534854,0.3286936347,一宮市博物館
34.8531818432,137.1213044722,0.3303337080,平原（ひらはら）の滝
35.1346902748,136.7858128133,0.3308363662,蟹江町まちなか交流センター(みちくさの駅　楽人(がくと))
35.2479527825,136.7876574291,0.3317235907,稲沢公園
35.2306467498,137.4456422883,0.3359376743,奧矢作湖
34.8576491584,137.1960311987,0.3361677900,不動ケ滝キャンプ場
34.8739810592,136.9808843488,0.3364717659,伝統食品工場見学[九重みりん時代館・九重味淋大蔵]
35.1329827430,136.7789296477,0.3378966222,尾張温泉（湯元館）
34.9269703887,137.3338731196,0.3384210840,男川ヤナ
35.1337014295,136.7781581158,0.3385532596,尾張温泉
35.1337014295,136.7781581158,0.3385532596,尾張温泉（尾張温泉東海センター）
34.8953666067,136.9349366959,0.3386616713,國盛　酒の文化館
34.8953392701,136.9347835920,0.3387654606,國盛 酒の文化館
35.2200343618,136.7759785838,0.3390469906,憩の農園　稲沢植木センター
34.9106983044,136.9111681015,0.3393020769,矢勝川堤に咲く百万本の彼岸花
34.8551952273,137.2029419962,0.3403063451,遠望峰山（とぼねやま）
34.9096334319,136.9106351757,0.3404751032,黒牛の里
34.8930812651,136.9343662262,0.3409062161,MIZKAN MUSEUM
35.3058274758,136.7944803911,0.3412725226,一宮桜まつり（稲荷公園）
34.8922745442,136.9349563196,0.3412852305,半田運河
35.0830302363,136.7864807671,0.3416412039,海部南部味噌
35.1499837486,136.7727072532,0.3419724159,名古屋西流通センター　土曜特売市
35.2852864904,136.7865710544,0.3419964680,愛知西のその他各直売所（お米屋さん大和店）
34.8420813421,137.0818481365,0.3427532720,赤馬の径
35.1764765860,136.7703243365,0.3427877348,朝市かもり
35.2049941707,136.7691314749,0.3445869440,蓮華寺寺叢
34.8656995063,136.9770857682,0.3455798396,伝統食品工場見学[株式会社　角谷文次郎商店]
35.3429827076,136.8059606008,0.3460659926,愛知西のその他各直売所（お米屋さん葉栗店）
35.2298317367,136.7700650237,0.3461039021,植木センター（愛知県植木センター）
35.2298317367,136.7700650237,0.3461039021,愛知県植木センター
35.3577676896,136.8095920226,0.3499738060,138タワーパーク
35.3576773868,136.8095374029,0.3499761922,１３８タワーパーク
35.1960879267,137.4636218158,0.3508089957,木材需要促進センター「モッキー」
35.1972138008,137.4639992938,0.3512286669,郷土資料館「ちゅーま」
35.1972767662,137.4640544322,0.3512862422,モッキー
35.3568036513,136.8067133958,0.3519968009,一宮桜まつり（木曽川堤）
35.0845788847,136.7745747894,0.3526017714,飛島村大宝排水機場保存館
34.8373979087,137.1811079979,0.3526455494,本光寺
34.8359263942,137.0516885591,0.3528606207,西尾市憩の農園、バラ園
34.8359263942,137.0516885591,0.3528606207,西尾市バラ園
34.8544296340,137.2410757825,0.3530187018,蒲郡オレンジパーク
34.8357457120,137.0512842669,0.3531090372,西尾市憩の農園
35.0493827756,136.7848609194,0.3544949120,弥富野鳥園
35.3579631811,136.8026039524,0.3561457066,木曽川堤の桜
34.9619039746,136.8336892334,0.3565162076,日長神社
34.8256016430,137.0954101170,0.3582447131,産直つのひら
34.8458606218,137.2338400680,0.3585153628,清田の大クス
34.9224078308,137.3589609258,0.3586076519,万足平の猪垣
35.1041744077,136.7629632637,0.3589340877,三ツ又池公園
35.1327540622,137.4702279427,0.3607604690,きららの森（段戸裏谷（だんとうらだに）原生林）
35.2314200843,136.7544237229,0.3618172935,愛知県下水道科学館
34.8320186365,137.1998158894,0.3619491148,早春の西迫町（にしばさまちょう）
34.8510007711,136.9686662621,0.3624109310,碧南市あおいパーク
34.8509736730,136.9686335202,0.3624488300,碧南市農業活性化センター　あおいパーク
34.8506757357,136.9683608449,0.3628307627,レストランだいどころ
34.8908998639,136.8977830722,0.3631801615,ファーマーズマーケット　ブリオ
34.8473976793,136.9704463840,0.3650195054,前浜新田の松並木
34.8459867175,136.9731834695,0.3652620112,碧南市前浜新田の松並木
35.3625486949,136.7928667488,0.3668814675,川釣り体験場　マス釣り
34.8431949500,136.9749942082,0.3671579257,農家れすとらん葉菜の舎（はなのや） 
35.2710875937,136.7557946701,0.3678485530,萩原萬葉公園
35.2710875937,136.7557946701,0.3678485530,萩原・萬葉公園
34.9552655156,136.8226900420,0.3692629294,新舞子マリンパーク
34.8160665070,137.1617367796,0.3705591039,三ヶ根山
35.2382761330,136.7463111877,0.3708119017,産直広場一色下方店 
34.8153633648,137.1625019859,0.3713573012,三河湾の彼方に沈む夕日
34.9649032450,137.4139560960,0.3718810519,須山のイヌツゲ
35.1123780245,136.7471584278,0.3727151316,ＪＡあいち海部グリンセンター十四山店（菜々耕房）
35.1123780245,136.7471584278,0.3727151316,JAあいち海部グリーンセンター十四山店（菜々耕房）
35.1125994671,136.7460273451,0.3737835291,ＪＡあいち海部総合支援センター
34.9762565246,137.4251614800,0.3746092712,愛知東農業協同組合　産地直売施設　勇気野菜館
35.0182113524,137.4492581583,0.3746100538,涼風の里
35.0824669007,136.7521148681,0.3747776351,ＪＡあいち海部 鍋田カントリーエレベーター
34.9145521233,136.8516317154,0.3749947005,前山ダム公園
35.2132384878,136.7389185356,0.3753104038,平和の桜並木
35.1206364422,136.7423106013,0.3760086324,水の館
34.8095214283,137.0726236784,0.3760690652,金蓮寺弥陀堂
34.9389613350,137.3989242429,0.3761448383,くらがり渓谷
34.9631856588,137.4206416785,0.3783085423,つくで手作り村（味彩館、山家市）
34.9632395867,137.4207184983,0.3783396210,つくで手作り村
34.8147545681,137.2010660200,0.3790207056,蒲郡海鮮市場
34.8485384078,137.2907386104,0.3790996935,宮路山（みやじさん）
34.9628324571,137.4214180693,0.3791454665,つくで手作り村（勇気工房）
35.2513337682,137.4861089787,0.3791996633,押川大滝
34.8066486852,137.0651947019,0.3797895475,尾崎士郎記念館、旧糟谷邸
34.9637659513,137.4233373056,0.3801680067,歴史の小径（亀山城趾等）
34.9621364614,137.4223028926,0.3802700541,つくで手作り村（とんちん館）
34.8194964679,137.2247674076,0.3806799826,手織り三河木綿工房・手織場（てばたば）
34.8194330532,137.2254123190,0.3809303485,手織り三河木綿工房
34.8572886860,137.3100764598,0.3810238367,グリーンセンター音羽（ぺったん工房、加工品購入）
34.8572886860,137.3100764598,0.3810238367,グリーンセンター音羽（ぺったん工房）
34.9981790912,137.4460670623,0.3810735668,ＭＩＬＫ工房スコット
35.3074854920,136.7526966145,0.3811074738,産直広場尾西店
35.2568040300,136.7387557051,0.3814138387,ぎんなん・いちょう並木
34.8699894341,136.8955650989,0.3814839304,壱町田湿地
34.8218075551,137.2357991857,0.3818733695,ナチュラルキッチン　せさみ
34.8558503090,136.9147827081,0.3828883645,武豊町歴史民俗資料館
34.8304793654,137.2631824483,0.3835410930,とよおか湖公園
34.8304793654,137.2631824483,0.3835410930,とよおか湖公園（蒲郡調整池）
34.8041843864,137.1768529090,0.3845589415,双太山公園（そうだやま）
34.8469461768,136.9249575770,0.3854673751,旧武豊港駅転車台
35.1137822743,136.7337671939,0.3856133157,金魚、金魚池
34.8521130980,137.3109314045,0.3859007009,御油（ごゆ）の松並木
35.3653033790,136.7718795387,0.3866214657,天然鮎せり市
34.8058987541,137.0270838884,0.3871759052,一色地域文化広場「学びの館」
34.8056902894,137.0276963711,0.3872437231,一色学びの館
35.3162257918,136.7490667964,0.3874497724,一宮桜まつり（尾西緑道）
35.3081378229,136.7458203516,0.3878248917,一宮市三岸節子記念美術館
35.0007449683,137.4551907355,0.3878571170,長ノ山（ながのやま）湿原
34.8238469976,137.2597639157,0.3883484063,砥神山麓収穫体験園
34.8301992869,137.2746397741,0.3884240400,蒲郡さがらの森
34.7946090932,137.1154681414,0.3888106770,アグリプラザ幡豆店
35.1787658631,136.7233988918,0.3896707101,津島市観光交流センター（まつりの館　津島屋）
34.9736589360,137.4421725210,0.3902863019,甘泉寺（かんせんじ）のコウヤマキ
34.8114874379,137.2320632971,0.3905049572,竹島
35.2136534872,137.5028766373,0.3910059563,どんぐり横丁
34.7924025486,137.1011321165,0.3911909898,三ヶ根みかん狩り
35.2146520243,137.5036166901,0.3918221450,稲武どんぐり工房
35.2143363112,137.5036922740,0.3918724479,どんぐり工房
35.1743668017,136.7209306184,0.3922155993,天王川公園
34.7911250209,137.1061708056,0.3923473497,潮干狩り場(西幡豆・鳥羽海岸)
34.8462873885,136.9113782682,0.3928375732,グリーンセンター武豊
35.1763350837,136.7193389117,0.3937665915,堀田家住宅
34.7921404206,137.1580664443,0.3938537990,愛知こどもの国
35.1782811361,136.7190537712,0.3940215393,津島神社
34.7955641410,137.1903264509,0.3954731580,ブルーブリッジ（形原漁港大橋）
34.7955641410,137.1903264509,0.3954731580,ブルーブリッジ
35.3056803570,136.7365411480,0.3958564367,尾西歴史民俗資料館
35.2146854074,137.5077907932,0.3959857348,古橋懐古館
34.7885597373,137.1445277891,0.3961058300,三河湾観光漁船
34.7885597373,137.1445277891,0.3961058300,三河湾観光遊船
34.7904552401,137.0622968648,0.3962199275,西尾市吉良町吉田沖の海苔粗朶
35.1013475675,136.7252333633,0.3963963484,立田輪中人造堰樋門
34.7883075248,137.1457080102,0.3964527452,潮干狩り場(東幡豆海岸)
34.8438823381,137.3184291637,0.3968179120,東海道御油（ごゆ）の松並木
35.2094511463,137.5098886975,0.3977001476,名倉川遊歩道
35.2094511463,137.5098886975,0.3977001476,大井平公園
35.2141299511,137.5097655972,0.3979111360,しだれ桜（瑞龍寺）
35.2141838810,137.5098207443,0.3979702849,瑞龍寺しだれ桜
34.7955163549,137.0218558093,0.3984696849,うなぎ割烹　みかわ三水亭
35.2146945128,137.5109432733,0.3991291595,夏焼城ヶ山の花々
35.1061999658,136.7210168537,0.3995564616,弥富市歴史民俗資料館
34.7856003591,137.0673512484,0.4004271425,潮干狩り（吉田海岸）
34.9315622301,137.4247147070,0.4007098026,保永の三滝（やすながのさんたき）
34.7945782753,137.0140547403,0.4012359390,一色さかな広場、さかな村
34.7945782753,137.0140547403,0.4012359390,一色さかな広場
34.7945782616,137.0140438122,0.4012386485,うなぎ処　いっしき 
35.1044448884,136.7193152019,0.4015676147,水郷の塔
35.1644978602,136.7117196169,0.4017677527,グリーンセンター津島店
35.1644978602,136.7117196169,0.4017677527,ＪＡあいち海部グリーンセンター津島店（愛菜耕房）
34.7818434917,137.0967589436,0.4018986963,潮干狩り（宮崎東海岸）
34.7808662802,137.0907721198,0.4031614573,西尾市吉良町宮崎海岸
34.7805649072,137.1775711426,0.4079827992,西浦鮮魚マーケット
34.8523990401,137.3526410465,0.4086287595,四季の森
34.8555163798,136.8669160464,0.4099922008,多賀の里
34.8555163798,136.8669160464,0.4099922008,多賀の里農畜産物直売所
35.0557171080,137.5038285687,0.4111207328,鳴沢（なるさわ）の滝
35.2045966733,137.5239920944,0.4114958617,稲武郷土資料館「ちゅ～ま」
35.2078195212,137.5254450105,0.4131247304,オオキツネノカミソリ他
34.7754637834,137.0436110347,0.4138146393,三河湾に広がる一色干潟
35.2229550453,137.5253028944,0.4141530684,山里Cyafe（ちゃふぇ）
34.7685039673,137.1017737223,0.4150612164,潮干狩り(梶島)
35.2638396962,136.7056367072,0.4152680740,木曽三川公園ワイルドネイチャープラザ
35.2638396962,136.7056367072,0.4152680740,木曽三川公園 ワイルドネイチャープラザ
34.8185041336,137.3119003341,0.4155749917,御津山（みとやま）
34.8480726664,137.3635884055,0.4186002320,ぎょぎょランド
35.1441941812,136.6943830443,0.4204917246,立田ふれあいの里
35.1441941812,136.6943830443,0.4204917246,道の駅「立田ふれあいの里」
35.1728434225,137.5345461476,0.4216367273,アグリステーションなぐら
34.8073557352,136.9220893788,0.4217598014,潮干狩り（上村）
35.2078378935,136.6903574240,0.4233896324,れんこん
35.1614653988,136.6896839096,0.4239264678,花ハス
35.1614653988,136.6896839096,0.4239264678,ハスの風景
34.8391241622,136.8656633988,0.4239461945,潮干狩り（大谷）
34.8049205134,136.9215063792,0.4241954886,知多半島の潮干狩り（上村潮干狩り場）
34.8026298139,136.9210650642,0.4264391294,知多半島の潮干狩り（大池潮干狩り場）
34.8014058279,136.9220850955,0.4270753675,潮干狩り（大池）
35.2025979429,137.5439824347,0.4313674039,面の木原生林
35.2025979429,137.5439824347,0.4313674039,黒田ダム
34.7980280931,136.9190569213,0.4314522938,知多半島の潮干狩り（河和口潮干狩り場）
34.7961773529,136.9221988915,0.4317080967,潮干狩り（河和口）
34.8273157234,136.8661218032,0.4333292453,盛田味の館
35.2618170785,137.5397726279,0.4338737594,子持ち桂
34.8236766261,136.8673156751,0.4356501587,小脇公園
34.8250954414,136.8650694501,0.4357536407,潮干狩り（小鈴谷）
35.1319234896,136.6801891030,0.4359043831,船頭平閘門
35.1383598624,136.6779670316,0.4374012508,加藤牧場
34.8776414416,137.4261213167,0.4376236716,本宮の湯
34.8776414416,137.4261213167,0.4376236716,本宮（ほんぐう）の湯
34.8750391825,137.4246910999,0.4384280348,ウォーキングセンター及び本宮山
34.8781245885,137.4278293474,0.4385107328,本宮山
34.8745339804,137.4248645404,0.4389067254,本宮山（宝円寺のシダレザクラ、牛の滝）
34.7883385433,136.9198398692,0.4397842868,潮干狩り（北方）
35.0550053151,137.5347184961,0.4407941467,田峯城址
34.9911057524,137.5114504096,0.4423924845,奥三河の民宿旅館　川合
34.8160292053,136.8625774420,0.4446377284,坂井海岸
34.8160292053,136.8625774420,0.4446377284,知多半島の潮干狩り（坂井海岸）
34.7839407537,136.9161815861,0.4453441586,知多半島の潮干狩り（北方潮干狩り場）
34.8016913871,136.8833297533,0.4455092023,鵜の池
34.7888141564,137.3220544618,0.4465354040,三河臨海緑地「日本列島」
34.8139228420,136.8602350856,0.4476981920,潮干狩り（坂井）
34.8011135271,136.8791022108,0.4481964452,ジョイフルファーム鵜の池
34.7888875871,136.8900829613,0.4531670316,美浜町民の森
34.8068330560,136.8586437280,0.4544560283,知多半島の潮干狩り（上野間潮干狩り場）
34.8067962214,136.8583378325,0.4546578465,潮干狩り（上野間）
34.7996469645,136.8581895924,0.4606793404,知多半島の潮干狩り（奥田北潮干狩り場）
34.7987345625,137.3685528619,0.4618037856,五社稲荷社朝市
34.7963040516,137.3664049745,0.4626505875,とんぼ公園（ビオトープ）
34.8959398530,137.4768928606,0.4637109787,グリーンセンターしんしろ
34.8959488398,137.4769038359,0.4637140194,愛知東農業協同組合　産地直売施設　グリーンセンターしんしろ
34.7263218092,137.0343698440,0.4638112955,「三河湾の黒真珠」佐久島
34.7262491417,137.0338676781,0.4639683387,佐久島弁天サロン
34.7259439310,137.0350692698,0.4640656723,黒壁の家並み
34.7259432097,137.0344032045,0.4641787603,弁天サロン
34.7238637821,137.0460460146,0.4644062845,大浦海水浴場（佐久島）
34.7233969043,137.0479902379,0.4645920695,佐久島
34.7252770361,137.0352777887,0.4646881593,大葉邸
34.7957037862,136.8567617477,0.4647551297,知多半島の潮干狩り（奥田中潮干狩り場）
34.7962156020,136.8559620641,0.4647701018,潮干狩り（奥田北）
35.0980085846,137.5703396725,0.4652042887,福田寺（ふくでんじ）のイヌグス
34.7224213616,137.0460481092,0.4658333619,シーサイドプロムナード
34.7220974102,137.0466491045,0.4660679549,民宿千鳥
34.7216106363,137.0466934822,0.4665434565,佐久島民宿　魚増
34.7506473994,136.9387385056,0.4665480103,潮干狩り（矢梨）
34.7211509936,137.0468251681,0.4669797410,佐久島体験民宿ゆきや
34.7207016462,137.0482670504,0.4672224714,民宿　市兵衛
34.7206829882,137.0476228893,0.4673306864,ごはん屋　海
35.2844561380,137.5693720528,0.4673832323,亀甲苑（きっこうえん）
34.7478255965,136.9435628531,0.4673958028,潮干狩り（久方）
34.7474350181,136.9419693008,0.4683395535,知多半島の潮干狩り（矢梨潮干狩り場）
34.7466970521,136.9426593749,0.4687753462,知多半島の潮干狩り（乙方海岸）
34.7433041438,136.9458248159,0.4708042633,潮干狩り（山田）
34.7172902616,137.0445597958,0.4711257370,「佐久島のお庭」
34.7894316614,136.8541407716,0.4714344696,知多半島の潮干狩り（奥田南潮干狩り場）
34.7416479009,136.9472271335,0.4718582762,知多半島の潮干狩り（山田海岸）
34.7890765087,136.8527543324,0.4724936564,潮干狩り（奥田中）
35.0500938453,137.5683498548,0.4744250388,四谷（よつや）の千枚田
35.0502645388,137.5685260831,0.4745462472,新城市四谷地区
34.7607294837,136.8962613870,0.4750310195,いちご狩り（南知多いちごの里）
34.7608010697,136.8960208326,0.4750771634,みかん狩り
35.1895517840,137.5909964127,0.4779939442,面ノ木（めんのき）園地
35.1895607597,137.5910074401,0.4780050860,面ノ木ビジターセンター
34.9976845709,137.5539397033,0.4784199255,山びこの丘
34.7801601038,136.8490622705,0.4819725074,潮干狩り（奥田南）
34.7329935177,136.9374984208,0.4834175239,いちご狩り（いちごの丘）
34.7483386401,136.8984643391,0.4851108452,いちご狩り（憩いの農園）
34.7720638944,137.3710662312,0.4855759302,JAファーマーズマーケット吉田方店
34.8944584157,137.5050502646,0.4869957365,桜淵公園
34.7071528390,137.0024582390,0.4889291616,自然、漁業体験
34.7071528390,137.0024582390,0.4889291616,日間賀島教育旅行
34.8576319698,137.4783347593,0.4894605514,吉祥山（きちじょうさん）
34.7270792453,136.9325683219,0.4907244419,国営農地開発事業南知多地区
34.9188315457,137.5279915454,0.4921241011,新城市設楽原歴史資料館
35.2003636129,137.6051647008,0.4924146642,つぐ高原グリーンパーク
34.8075740652,137.4318255146,0.4928258278,フルーツショップゆめ彩館
34.7034345655,136.9994963895,0.4932252148,干ダコ
34.7530239221,137.3601184758,0.4962669685,グリーンセンター牟呂
34.9412135092,137.5462954075,0.4963555254,鮎滝
35.0874105814,137.6007647204,0.4970813417,岩古谷山（いわこやさん・いわごやさん）
34.7706186048,137.3930765233,0.4988165419,吉田城
34.7633887675,137.3830285167,0.4993119836,路面電車
34.7677445807,137.3921182338,0.5006627306,豊橋市公会堂
34.8020273696,137.4410756433,0.5030512156,産直プラザ石巻
34.7578182495,136.8446365357,0.5031616542,野間崎灯台
34.7562112190,136.8471660015,0.5031805556,食と健康の館
34.9689374041,137.5703406636,0.5050956318,観来館
34.7065353850,136.9381718189,0.5079281858,豊浜魚ひろば
34.9707423787,137.5751243395,0.5086734058,ネズの樹
34.6864833266,137.2332417762,0.5112595382,白谷海浜（しろやかいひん）公園
34.9722263240,137.5788224025,0.5114205224,鳳来寺山自然科学博物館
34.6881825392,137.2412868822,0.5115654332,潮干狩り場（田原）
34.7332159056,136.8693676012,0.5119119723,内海海水浴場
34.9248961833,137.5550421841,0.5120495894,こんたく長篠
34.9248684045,137.5552719053,0.5122619171,愛知東農業協同組合　産地直売施設　こんたく長篠
34.7048059976,136.9295308429,0.5125819008,豊浜鯛祭り
34.7490594496,137.3854704712,0.5127178934,産直プラザ福岡
34.6812170940,137.0031424243,0.5140795845,コウナゴの天日干しの
34.6782708905,137.2128499550,0.5149071668,仁崎（にさき）海水浴場
34.6780457891,137.2121077565,0.5149847116,仁崎（にさき）キャンプ場
34.9788995625,137.5860297273,0.5153085519,鳳来寺山
34.9230695321,137.5596086271,0.5169140610,長篠城址
34.6847785472,137.2617907175,0.5203477015,蔵王山（ざおうさん）展望台
34.7310278546,137.3706921584,0.5206104605,グリーンセンター磯辺
34.6639983926,137.1832732149,0.5241403828,江比間（えひま）野外活動センター
34.6756177458,137.2514024333,0.5263067973,衣笠（きぬがさ）の森
34.6714583777,137.2428213822,0.5281471672,シデコブシ自生地　(椛、伊川津、藤七原、黒河）
34.6703849496,137.2438024656,0.5294292070,滝頭（たきがしら）公園
34.6537568728,137.1486220860,0.5308490512,潮干狩り場（伊川津・泉）
34.6735125655,137.2691763387,0.5332687880,田原城跡・田原市博物館
34.7123247955,137.3631787702,0.5333777241,植田アグリセンター
34.6506382729,137.1540010236,0.5343460557,どろんこ村ファーマーズキッチン
34.6493773001,137.0862121508,0.5347084343,潮干狩り場（小中山）
34.6820146487,137.3200103196,0.5424347252,ジョイフル杉山
34.9702746395,137.6132436776,0.5437181605,湯谷温泉
35.2278282939,137.6551221845,0.5438968875,茶臼山高原
34.9741771980,137.6159042572,0.5446557044,鳳来ゆーゆーありいな
34.9741771982,137.6159042578,0.5446557049,鳳来ゆ～ゆ～ありいな
34.9675855353,137.6139847022,0.5454583763,馬背岩（うまのせいわ）
34.6615917877,137.2722821116,0.5455767477,「道の駅」田原めっくんはうす
35.2145664913,137.6577887372,0.5456369732,茶臼山の芝桜
34.9951605005,137.6262943564,0.5466871010,愛知県民の森
34.6427274700,137.2018565747,0.5479306742,サンテパルクたはら
34.6426372795,137.2019874350,0.5480408952,旬採だいにんぐmogu(モグ)
34.6332586993,137.1230169438,0.5502439240,スイーツ＆ジェラテリア　Baroque(バロック)
34.7485467246,137.4504554547,0.5504142881,葦毛湿原
34.6325784995,137.1403047170,0.5515079571,デイリーパラダイス
34.7465645179,137.4499790374,0.5516906125,葦毛湿原（いもうしつげん）と豊橋自然歩道
34.6449450844,137.2419680869,0.5536865505,黒河湿地（くろがわしっち）植物群落
34.6282092729,137.0621950791,0.5575264025,キャベツ畑
34.6253876817,137.1013291398,0.5581474283,愛知みなみ農協　ふれあい広場渥美店
34.6253876817,137.1013291398,0.5581474283,愛知みなみ農協ふれあい広場渥美店
35.0981401499,137.6657545448,0.5592518129,振草農産物生産直売組合
34.6994166730,137.3934172764,0.5593407028,NDふぁ～む
34.6228044668,137.1096521430,0.5606179813,渥美郷土資料館
35.0768953810,137.6651755547,0.5623143297,振草（ふりくさ）渓谷
34.6713908293,137.3490383674,0.5637909335,万場調整池と万場緑地
35.2138867979,137.6761168302,0.5638989964,グリーンステージ花の木
34.8589993066,137.5765616435,0.5657687496,黄柳野（つげの）つげ自生地
34.6263213313,137.2217205036,0.5675925253,電照菊
35.0493037336,137.6647338003,0.5677579006,明神山（みょうじんさん・みょうじんやま）
34.7236393751,137.4498789703,0.5699563689,二川宿本陣（ふたがわしゅくほんじん）資料館
34.6231043936,137.2182394776,0.5700976831,赤羽根文化の森
35.1790883648,137.6832447239,0.5702192175,豊根グリーンポート宮嶋
34.7255043602,137.4580090892,0.5733079028,産直プラザ二川
34.9030389313,137.6142800159,0.5743246631,満光寺（まんこうじ）庭園
35.0218918398,137.6643921717,0.5745223658,乳岩峡
35.0218918398,137.6643921717,0.5745223658,乳岩峡（ちいわきょう）
34.6131793165,137.0414847558,0.5747051125,西ノ浜海浜の森
34.6155082775,137.2083442579,0.5758449485,愛知みなみ農協ふれあい広場赤羽根店
35.0837013298,137.6802958267,0.5759507575,東栄町交流促進センター　千代姫荘
34.6160823838,137.2160432833,0.5766042016,太平洋ロングビーチ
34.6091571308,137.1912220800,0.5795524351,「道の駅」あかばねロコステーション
34.6030587820,137.0893533055,0.5808366718,渥美の森
34.9506715551,137.6453594449,0.5809734731,阿寺の七滝
34.9505991371,137.6454356649,0.5810723218,阿寺の七滝（あてらのななたき）
34.6054486918,137.0371677359,0.5829225554,休暇村伊良湖キャンプ場
35.1435610632,137.6982197779,0.5865332573,湯～らんどパルとよね
35.1435700291,137.6982308104,0.5865436552,兎鹿嶋温泉（湯～らんどパルとよね）
34.6839801076,137.4220779264,0.5873122513,あぐりパーク食彩村
34.5951487287,137.0605575795,0.5906001317,初立池公園
34.5951397039,137.0605466890,0.5906100887,初立池（はったちいけ）公園
34.5954064315,137.0563381697,0.5907335244,伊良湖東大寺窯跡
34.5901317379,137.0372460120,0.5981026026,キャベツ畑・菜の花畑
34.5889747074,137.0263139257,0.6007309499,伊良湖海水浴場
34.5848305515,137.0553601904,0.6013544458,ハマボウ、ハマカンゾウ
34.5878506992,137.0288666565,0.6014806504,句碑
35.1205476192,137.7123439858,0.6025901970,茶禅一
35.0748516376,137.7066885564,0.6034912993,とうえい温泉
35.0743270055,137.7070908118,0.6039815305,蔦の渕（つたのふち）
34.5836304251,137.0201859421,0.6069270191,「道の駅」伊良湖クリスタルポル
34.5836304251,137.0201859421,0.6069270191,（日本の道百選）渥美サイクリングロード
34.5836304120,137.0201750416,0.6069286998,「道の駅」伊良湖クリスタルポルト
34.5812696478,137.0212255998,0.6091025251,伊良湖岬灯台・恋路ヶ浜・日出の石門（ひいのせきもん）
35.1397196371,137.7206474787,0.6091745064,大入の郷（おおにゅうのさと）
35.1179938473,137.7189095674,0.6093891952,東栄町森林体験交流センター　スターフォレスト御園
34.5809061141,137.0187955063,0.6098327363,渡り鳥
34.5789932061,137.0174364100,0.6119335993,伊良湖岬灯台
35.1856172361,137.7253288672,0.6122909377,三沢高原農産物加工体験館
35.0468410352,137.7212363903,0.6233395712,愛知東農業協同組合東栄直売所
35.0467596565,137.7212906477,0.6234103437,愛知東農業協同組合　産直施設　東栄直売所
35.0996854256,137.7627151082,0.6550461435,大入（おおにゅう）渓谷
35.1808537342,137.7994403520,0.6864032201,とみやま来富館（らいふかん）
35.1896866769,137.8089396084,0.6959259944,バンガロー村「古里とみやま」・湯の島温泉
